{"category": [
        
        {"tag": "bicycle",
        "question": ["bicycle 0.", "bicycle 1.", "bicycle 2.", "bicycle 3.","bicycle 4.", "bicycle 5.", "bicycle 6.", "bicycle 7.", "bicycle 8."]
        },
        {"tag": "bike",
        "question": ["Bike with the sun.", "Black-colored bike.", "black and green bike.", "old model bike and blue in color.","Bike headlights are large.", "The standing scooter is blue in color.", "black and yellow bike.", "The standing Royals infield is black in color.", "Old model bike and black in color."]
        },        
        {"tag": "book",
        "question": ["book 0.", "book 1.", "book 2.", "book 3.","book 4.", "book 5.", "book 6.", "book 7.", "book 8."]
        },
        {"tag": "cake",
        "question": ["The cake is made with white chocolate.", "The cherry on top of the cake.", "Someone stole the large piece of white cake.", "Someone stole the large piece of black chocolate cake.","Strawberries and berries are used to fill the cake.", "The field is full of layers of pink flowers.", "It's a platter of multilayer cake slices with candy.", "The multicoloured cake.", "The cake is full of gems."]
        },  
        {"tag": "car",
        "question": ["The BMW car is blue in color.", "The BMW car is grey in colour and has an open roof.", "The BMW car is grey in colour and has a closed roof.", "The Mercedes is white in colour.","The Mercedes car is yellow in colour.", "The Mercedes car is red in color.", "The orange Maruti Suzuki", "The Bhugati car is black in color.", "The Ferrari car is grey in color."]
        },
        {"tag": "cat",
         "question": ["Cat walking on wall.", "Cat eyes are blue.", "Cat eyes are green and ears are straight.", "Cat is innocent.","The cat is sitting on the doormat. ", "Cat is sitting on an ice ball. ", "Cat praying to God.", "Cat is surprised.", "Cat is doing a workout."]
        },
        {"tag": "chair",
        "question": ["chair 0.", "chair 1.", "chair 2.", "chair 3.","chair 4.", "chair 5.", "chair 6.", "chair 7.", "chair 8."]
        },
        {"tag": "chocolate",
        "question": ["chocolate 0.", "chocolate 1.", "chocolate 2.", "chocolate 3.","chocolate 4.", "chocolate 5.", "chocolate 6.", "chocolate 7.", "chocolate 8."]
        },
        {"tag": "cup",
        "question": ["cup 0.", "cup 1.", "cup 2.", "cup 3.","cup 4.", "cup 5.", "cup 6.", "cup 7.", "cup 8."]
        },
        {"tag": "dog",
        "question": ["The dog looks around, surprised.", "The dog's mouth is open.", "The dog appears to be innocent.", "The dog's mouth is open, and its ears are straight.","The dog appears to be hungry.", "The dog is looking around with wide eyes.", "The dog is a cute puppy.", "The dog is playing in the garden.", "The husky dog is doing nothing."]
        },
        {"tag": "football",
        "question": ["football 0.", "football 1.", "football 2.", "football 3.","football 4.", "football 5.", "football 6.", "football 7.", "football 8."]
        },
        {"tag": "house",
        "question": ["house 0.", "house 1.", "house 2.", "house 3.","house 4.", "house 5.", "house 6.", "house 7.", "house 8."]
        },
        {"tag": "mountain",
        "question": ["mountain 0.", "mountain 1.", "mountain 2.", "mountain 3.","mountain 4.", "mountain 5.", "mountain 6.", "mountain 7.", "mountain 8."]
        },
        {"tag": "oldTV",
        "question": ["oldTV 0.", "oldTV 1.", "oldTV 2.", "oldTV 3.","oldTV 4.", "oldTV 5.", "oldTV 6.", "oldTV 7.", "oldTV 8."]
        },
        {"tag": "palmtree",
        "question": ["palmtree 0.", "palmtree 1.", "palmtree 2.", "palmtree 3.","palmtree 4.", "palmtree 5.", "palmtree 6.", "palmtree 7.", "palmtree 8."]
        },
        {"tag": "rose",
        "question": ["rose 0.", "rose 1.", "rose 2.", "rose 3.","rose 4.", "rose 5.", "rose 6.", "rose 7.", "rose 8."]
        },
        {"tag": "shirt",
        "question": ["shirt 0.", "shirt 1.", "shirt 2.", "shirt 3.","shirt 4.", "shirt 5.", "shirt 6.", "shirt 7.", "shirt 8."]
        },
        {"tag": "waterbottle",
        "question": ["waterbottle 0.", "waterbottle 1.", "waterbottle 2.", "waterbottle 3.","waterbottle 4.", "waterbottle 5.", "waterbottle 6.", "waterbottle 7.", "waterbottle 8."]
        },
        {"tag": "waterfall",
        "question": ["waterfall 0.", "waterfall 1.", "waterfall 2.", "waterfall 3.","waterfall 4.", "waterfall 5.", "waterfall 6.", "waterfall 7.", "waterfall 8."]
        }
   ]
}